[{"user_id":124493,"beatmap_id":658127,"beatmapset_id":292301,"score":150551330,"maxcombo":2358,"rank":"A","count300":1965,"count100":7,"count50":0,"countgeki":223,"countmiss":1,"countkatu":6,"enabled_mods":[{"name":"Hard Rock","shortName":"HR"}],"date":"2016-01-03 07:49:11","score_id":4762,"enabled_mods_val":"16"},{"user_id":124493,"beatmap_id":129891,"beatmapset_id":39804,"score":123983613,"maxcombo":2385,"rank":"S","count300":1957,"count100":26,"count50":0,"countgeki":236,"countmiss":0,"countkatu":15,"enabled_mods":[{"name":"Hard Rock","shortName":"HR"}],"date":"2016-01-18 08:48:22","score_id":4763,"enabled_mods_val":"16"},{"user_id":124493,"beatmap_id":736215,"beatmapset_id":332532,"score":36365074,"maxcombo":1337,"rank":"SH","count300":1002,"count100":6,"count50":0,"countgeki":276,"countmiss":0,"countkatu":5,"enabled_mods":[{"name":"Hidden","shortName":"HD"},{"name":"Hard Rock","shortName":"HR"}],"date":"2016-01-09 13:16:24","score_id":4764,"enabled_mods_val":"24"},{"user_id":124493,"beatmap_id":790048,"beatmapset_id":219380,"score":51876746,"maxcombo":1426,"rank":"SH","count300":1054,"count100":4,"count50":0,"countgeki":326,"countmiss":0,"countkatu":4,"enabled_mods":[{"name":"Hidden","shortName":"HD"},{"name":"Hard Rock","shortName":"HR"}],"date":"2015-12-08 11:26:15","score_id":4765,"enabled_mods_val":"24"},{"user_id":124493,"beatmap_id":555797,"beatmapset_id":158023,"score":96940380,"maxcombo":2042,"rank":"S","count300":1558,"count100":32,"count50":0,"countgeki":276,"countmiss":0,"countkatu":20,"enabled_mods":[],"date":"2016-01-09 12:47:54","score_id":4766,"enabled_mods_val":"0"},{"user_id":124493,"beatmap_id":164020,"beatmapset_id":53857,"score":10677813,"maxcombo":652,"rank":"SH","count300":478,"count100":1,"count50":0,"countgeki":50,"countmiss":0,"countkatu":1,"enabled_mods":[{"name":"Hidden","shortName":"HD"},{"name":"Double Time","shortName":"DT"}],"date":"2015-12-31 08:02:07","score_id":4767,"enabled_mods_val":"72"},{"user_id":124493,"beatmap_id":817929,"beatmapset_id":297969,"score":62129751,"maxcombo":1574,"rank":"SH","count300":1170,"count100":3,"count50":0,"countgeki":358,"countmiss":0,"countkatu":3,"enabled_mods":[{"name":"Hidden","shortName":"HD"},{"name":"Hard Rock","shortName":"HR"}],"date":"2015-12-31 06:50:23","score_id":4768,"enabled_mods_val":"24"},{"user_id":124493,"beatmap_id":795988,"beatmapset_id":361902,"score":5962006,"maxcombo":469,"rank":"SH","count300":349,"count100":4,"count50":0,"countgeki":63,"countmiss":0,"countkatu":4,"enabled_mods":[{"name":"Hidden","shortName":"HD"},{"name":"Double Time","shortName":"DT"}],"date":"2016-01-07 08:26:07","score_id":4769,"enabled_mods_val":"72"},{"user_id":124493,"beatmap_id":642687,"beatmapset_id":284403,"score":9549791,"maxcombo":598,"rank":"SH","count300":435,"count100":15,"count50":0,"countgeki":77,"countmiss":0,"countkatu":11,"enabled_mods":[{"name":"Hidden","shortName":"HD"},{"name":"Double Time","shortName":"DT"}],"date":"2016-01-11 08:27:52","score_id":4770,"enabled_mods_val":"72"},{"user_id":124493,"beatmap_id":776951,"beatmapset_id":352570,"score":35878411,"maxcombo":1049,"rank":"A","count300":1012,"count100":5,"count50":0,"countgeki":157,"countmiss":1,"countkatu":5,"enabled_mods":[{"name":"Hidden","shortName":"HD"},{"name":"Hard Rock","shortName":"HR"}],"date":"2015-12-22 01:29:53","score_id":4771,"enabled_mods_val":"24"},{"user_id":124493,"beatmap_id":473210,"beatmapset_id":199535,"score":23669551,"maxcombo":918,"rank":"SH","count300":749,"count100":6,"count50":0,"countgeki":132,"countmiss":0,"countkatu":5,"enabled_mods":[{"name":"Hidden","shortName":"HD"},{"name":"Hard Rock","shortName":"HR"}],"date":"2015-12-11 11:45:22","score_id":4772,"enabled_mods_val":"24"},{"user_id":124493,"beatmap_id":804164,"beatmapset_id":366440,"score":24441620,"maxcombo":938,"rank":"A","count300":746,"count100":49,"count50":2,"countgeki":179,"countmiss":5,"countkatu":27,"enabled_mods":[{"name":"Hidden","shortName":"HD"},{"name":"Double Time","shortName":"DT"}],"date":"2016-01-05 04:37:53","score_id":4773,"enabled_mods_val":"72"},{"user_id":124493,"beatmap_id":509510,"beatmapset_id":143397,"score":32200097,"maxcombo":1175,"rank":"SH","count300":1009,"count100":10,"count50":0,"countgeki":206,"countmiss":0,"countkatu":7,"enabled_mods":[{"name":"Hidden","shortName":"HD"},{"name":"Hard Rock","shortName":"HR"}],"date":"2015-12-10 07:40:03","score_id":4774,"enabled_mods_val":"24"},{"user_id":124493,"beatmap_id":808848,"beatmapset_id":368985,"score":7012017,"maxcombo":527,"rank":"SH","count300":341,"count100":4,"count50":0,"countgeki":84,"countmiss":0,"countkatu":2,"enabled_mods":[{"name":"Hidden","shortName":"HD"},{"name":"Double Time","shortName":"DT"}],"date":"2016-01-05 04:21:29","score_id":4775,"enabled_mods_val":"72"},{"user_id":124493,"beatmap_id":98496,"beatmapset_id":29727,"score":16207734,"maxcombo":890,"rank":"SH","count300":643,"count100":7,"count50":0,"countgeki":92,"countmiss":0,"countkatu":6,"enabled_mods":[{"name":"Hidden","shortName":"HD"},{"name":"Double Time","shortName":"DT"}],"date":"2016-01-07 07:13:20","score_id":4776,"enabled_mods_val":"72"},{"user_id":124493,"beatmap_id":812590,"beatmapset_id":370819,"score":20238415,"maxcombo":857,"rank":"SH","count300":629,"count100":8,"count50":0,"countgeki":110,"countmiss":0,"countkatu":5,"enabled_mods":[{"name":"Hidden","shortName":"HD"},{"name":"Double Time","shortName":"DT"}],"date":"2016-01-07 07:24:43","score_id":4777,"enabled_mods_val":"72"},{"user_id":124493,"beatmap_id":720314,"beatmapset_id":324171,"score":273271540,"maxcombo":3458,"rank":"S","count300":2572,"count100":7,"count50":0,"countgeki":415,"countmiss":0,"countkatu":5,"enabled_mods":[],"date":"2016-01-03 08:45:47","score_id":4778,"enabled_mods_val":"0"},{"user_id":124493,"beatmap_id":816327,"beatmapset_id":336414,"score":62792172,"maxcombo":1552,"rank":"SH","count300":1472,"count100":52,"count50":0,"countgeki":228,"countmiss":0,"countkatu":32,"enabled_mods":[{"name":"Hidden","shortName":"HD"}],"date":"2016-01-23 11:28:15","score_id":4779,"enabled_mods_val":"8"},{"user_id":124493,"beatmap_id":747855,"beatmapset_id":323044,"score":51192135,"maxcombo":1523,"rank":"SH","count300":1129,"count100":8,"count50":0,"countgeki":201,"countmiss":0,"countkatu":8,"enabled_mods":[{"name":"Hidden","shortName":"HD"},{"name":"Double Time","shortName":"DT"}],"date":"2016-01-07 07:33:06","score_id":4780,"enabled_mods_val":"72"},{"user_id":124493,"beatmap_id":679131,"beatmapset_id":139525,"score":17094677,"maxcombo":958,"rank":"S","count300":555,"count100":9,"count50":0,"countgeki":202,"countmiss":0,"countkatu":8,"enabled_mods":[{"name":"Hard Rock","shortName":"HR"}],"date":"2015-12-08 12:10:12","score_id":4781,"enabled_mods_val":"16"},{"user_id":2155578,"beatmap_id":776951,"beatmapset_id":352570,"score":36026121,"maxcombo":1052,"rank":"A","count300":1007,"count100":9,"count50":0,"countgeki":153,"countmiss":2,"countkatu":8,"enabled_mods":[{"name":"Hidden","shortName":"HD"},{"name":"Hard Rock","shortName":"HR"}],"date":"2015-12-10 13:41:27","score_id":4782,"enabled_mods_val":"24"},{"user_id":2155578,"beatmap_id":550235,"beatmapset_id":237768,"score":135057766,"maxcombo":2275,"rank":"SH","count300":1747,"count100":11,"count50":0,"countgeki":232,"countmiss":0,"countkatu":8,"enabled_mods":[{"name":"Hidden","shortName":"HD"},{"name":"Hard Rock","shortName":"HR"}],"date":"2015-01-31 01:53:12","score_id":4783,"enabled_mods_val":"24"},{"user_id":2155578,"beatmap_id":614323,"beatmapset_id":269969,"score":4800005,"maxcombo":452,"rank":"SH","count300":314,"count100":2,"count50":0,"countgeki":66,"countmiss":0,"countkatu":1,"enabled_mods":[{"name":"Hidden","shortName":"HD"},{"name":"Hard Rock","shortName":"HR"}],"date":"2015-05-29 03:55:59","score_id":4784,"enabled_mods_val":"24"},{"user_id":2155578,"beatmap_id":495633,"beatmapset_id":210346,"score":71114852,"maxcombo":1697,"rank":"SH","count300":1175,"count100":12,"count50":0,"countgeki":209,"countmiss":0,"countkatu":8,"enabled_mods":[{"name":"Hidden","shortName":"HD"},{"name":"Hard Rock","shortName":"HR"}],"date":"2015-07-11 06:19:24","score_id":4785,"enabled_mods_val":"24"},{"user_id":2155578,"beatmap_id":509510,"beatmapset_id":143397,"score":25933710,"maxcombo":1047,"rank":"A","count300":1001,"count100":13,"count50":2,"countgeki":202,"countmiss":3,"countkatu":9,"enabled_mods":[{"name":"Hidden","shortName":"HD"},{"name":"Hard Rock","shortName":"HR"}],"date":"2015-02-01 09:00:02","score_id":4786,"enabled_mods_val":"24"},{"user_id":2155578,"beatmap_id":256027,"beatmapset_id":90068,"score":13593298,"maxcombo":827,"rank":"SH","count300":599,"count100":8,"count50":0,"countgeki":107,"countmiss":0,"countkatu":7,"enabled_mods":[{"name":"Hidden","shortName":"HD"},{"name":"Hard Rock","shortName":"HR"}],"date":"2015-05-03 05:12:15","score_id":4787,"enabled_mods_val":"24"},{"user_id":2155578,"beatmap_id":386760,"beatmapset_id":158075,"score":33217813,"maxcombo":1149,"rank":"SH","count300":869,"count100":21,"count50":0,"countgeki":107,"countmiss":0,"countkatu":14,"enabled_mods":[{"name":"Hidden","shortName":"HD"},{"name":"Hard Rock","shortName":"HR"}],"date":"2015-03-25 03:04:36","score_id":4788,"enabled_mods_val":"24"},{"user_id":2155578,"beatmap_id":338682,"beatmapset_id":134151,"score":40314554,"maxcombo":1234,"rank":"SH","count300":949,"count100":5,"count50":0,"countgeki":143,"countmiss":0,"countkatu":5,"enabled_mods":[{"name":"Hidden","shortName":"HD"},{"name":"Hard Rock","shortName":"HR"}],"date":"2015-07-11 06:01:48","score_id":4789,"enabled_mods_val":"24"},{"user_id":2155578,"beatmap_id":335628,"beatmapset_id":133693,"score":190818116,"maxcombo":2778,"rank":"SH","count300":2032,"count100":39,"count50":0,"countgeki":229,"countmiss":0,"countkatu":28,"enabled_mods":[{"name":"Hidden","shortName":"HD"},{"name":"Hard Rock","shortName":"HR"}],"date":"2015-03-20 01:30:01","score_id":4790,"enabled_mods_val":"24"},{"user_id":2155578,"beatmap_id":676172,"beatmapset_id":185250,"score":42320882,"maxcombo":1226,"rank":"A","count300":999,"count100":10,"count50":0,"countgeki":153,"countmiss":1,"countkatu":9,"enabled_mods":[{"name":"Hidden","shortName":"HD"},{"name":"Hard Rock","shortName":"HR"}],"date":"2016-01-12 12:03:05","score_id":4791,"enabled_mods_val":"24"},{"user_id":2155578,"beatmap_id":735021,"beatmapset_id":331872,"score":113745287,"maxcombo":2438,"rank":"SH","count300":1731,"count100":19,"count50":0,"countgeki":358,"countmiss":0,"countkatu":18,"enabled_mods":[{"name":"Hidden","shortName":"HD"},{"name":"Hard Rock","shortName":"HR"}],"date":"2015-09-09 12:07:28","score_id":4792,"enabled_mods_val":"24"},{"user_id":2155578,"beatmap_id":431957,"beatmapset_id":179699,"score":75050556,"maxcombo":1984,"rank":"SH","count300":1389,"count100":13,"count50":0,"countgeki":262,"countmiss":0,"countkatu":11,"enabled_mods":[{"name":"Hidden","shortName":"HD"},{"name":"Hard Rock","shortName":"HR"}],"date":"2015-01-17 11:35:48","score_id":4793,"enabled_mods_val":"24"},{"user_id":2155578,"beatmap_id":434438,"beatmapset_id":173422,"score":25523517,"maxcombo":1026,"rank":"SH","count300":726,"count100":11,"count50":0,"countgeki":161,"countmiss":0,"countkatu":9,"enabled_mods":[{"name":"Hidden","shortName":"HD"},{"name":"Hard Rock","shortName":"HR"}],"date":"2015-07-09 04:45:18","score_id":4794,"enabled_mods_val":"24"},{"user_id":2155578,"beatmap_id":386728,"beatmapset_id":153776,"score":79607074,"maxcombo":1739,"rank":"SH","count300":1353,"count100":12,"count50":0,"countgeki":207,"countmiss":0,"countkatu":12,"enabled_mods":[{"name":"Hidden","shortName":"HD"},{"name":"Hard Rock","shortName":"HR"}],"date":"2014-12-29 13:26:45","score_id":4795,"enabled_mods_val":"24"},{"user_id":2155578,"beatmap_id":138008,"beatmapset_id":42909,"score":16350857,"maxcombo":866,"rank":"SH","count300":674,"count100":1,"count50":0,"countgeki":101,"countmiss":0,"countkatu":1,"enabled_mods":[{"name":"Hidden","shortName":"HD"},{"name":"Hard Rock","shortName":"HR"}],"date":"2015-02-01 08:17:50","score_id":4796,"enabled_mods_val":"24"},{"user_id":2155578,"beatmap_id":223397,"beatmapset_id":80214,"score":40993448,"maxcombo":1381,"rank":"SH","count300":1070,"count100":11,"count50":0,"countgeki":149,"countmiss":0,"countkatu":9,"enabled_mods":[{"name":"Hidden","shortName":"HD"},{"name":"Hard Rock","shortName":"HR"}],"date":"2015-02-01 07:55:36","score_id":4797,"enabled_mods_val":"24"},{"user_id":2155578,"beatmap_id":795810,"beatmapset_id":362321,"score":5692677,"maxcombo":469,"rank":"SH","count300":345,"count100":5,"count50":0,"countgeki":76,"countmiss":0,"countkatu":3,"enabled_mods":[{"name":"Hidden","shortName":"HD"},{"name":"Hard Rock","shortName":"HR"}],"date":"2015-11-21 00:05:49","score_id":4798,"enabled_mods_val":"24"},{"user_id":2155578,"beatmap_id":563946,"beatmapset_id":219728,"score":36126432,"maxcombo":1215,"rank":"SH","count300":892,"count100":5,"count50":0,"countgeki":153,"countmiss":0,"countkatu":4,"enabled_mods":[{"name":"Hidden","shortName":"HD"},{"name":"Hard Rock","shortName":"HR"}],"date":"2015-01-19 16:14:06","score_id":4799,"enabled_mods_val":"24"},{"user_id":2155578,"beatmap_id":254296,"beatmapset_id":93555,"score":22621619,"maxcombo":971,"rank":"SH","count300":699,"count100":3,"count50":0,"countgeki":173,"countmiss":0,"countkatu":3,"enabled_mods":[{"name":"Hidden","shortName":"HD"},{"name":"Hard Rock","shortName":"HR"}],"date":"2015-02-07 08:32:15","score_id":4800,"enabled_mods_val":"24"},{"user_id":2155578,"beatmap_id":771495,"beatmapset_id":349883,"score":11079771,"maxcombo":624,"rank":"A","count300":529,"count100":8,"count50":0,"countgeki":105,"countmiss":2,"countkatu":6,"enabled_mods":[{"name":"Hidden","shortName":"HD"},{"name":"Hard Rock","shortName":"HR"}],"date":"2016-02-10 10:46:21","score_id":4801,"enabled_mods_val":"24"},{"user_id":18983,"beatmap_id":658127,"beatmapset_id":292301,"score":133128480,"maxcombo":2299,"rank":"A","count300":1928,"count100":44,"count50":0,"countgeki":208,"countmiss":1,"countkatu":21,"enabled_mods":[],"date":"2015-09-08 01:20:11","score_id":4802,"enabled_mods_val":"0"},{"user_id":18983,"beatmap_id":592113,"beatmapset_id":258961,"score":152880580,"maxcombo":2509,"rank":"S","count300":1933,"count100":85,"count50":6,"countgeki":334,"countmiss":0,"countkatu":37,"enabled_mods":[],"date":"2015-09-10 01:11:40","score_id":4803,"enabled_mods_val":"0"},{"user_id":18983,"beatmap_id":657917,"beatmapset_id":292301,"score":129550940,"maxcombo":2317,"rank":"S","count300":1790,"count100":29,"count50":1,"countgeki":196,"countmiss":0,"countkatu":15,"enabled_mods":[],"date":"2015-09-08 01:11:02","score_id":4804,"enabled_mods_val":"0"},{"user_id":18983,"beatmap_id":574471,"beatmapset_id":249939,"score":26998315,"maxcombo":1183,"rank":"S","count300":840,"count100":7,"count50":0,"countgeki":185,"countmiss":0,"countkatu":6,"enabled_mods":[{"name":"Double Time","shortName":"DT"}],"date":"2015-04-11 01:34:51","score_id":4805,"enabled_mods_val":"64"},{"user_id":18983,"beatmap_id":651744,"beatmapset_id":289074,"score":49351094,"maxcombo":1601,"rank":"A","count300":1154,"count100":30,"count50":0,"countgeki":198,"countmiss":1,"countkatu":20,"enabled_mods":[{"name":"Double Time","shortName":"DT"}],"date":"2015-10-03 03:53:33","score_id":4806,"enabled_mods_val":"64"},{"user_id":18983,"beatmap_id":552068,"beatmapset_id":158023,"score":64308109,"maxcombo":1901,"rank":"S","count300":1288,"count100":82,"count50":0,"countgeki":210,"countmiss":0,"countkatu":39,"enabled_mods":[{"name":"Hard Rock","shortName":"HR"}],"date":"2015-06-22 03:27:51","score_id":4807,"enabled_mods_val":"16"},{"user_id":18983,"beatmap_id":772476,"beatmapset_id":350381,"score":20254027,"maxcombo":871,"rank":"S","count300":659,"count100":26,"count50":0,"countgeki":96,"countmiss":0,"countkatu":16,"enabled_mods":[{"name":"Nightcore","shortName":"NC"}],"date":"2016-01-05 08:36:35","score_id":4808,"enabled_mods_val":"576"},{"user_id":18983,"beatmap_id":547566,"beatmapset_id":236396,"score":25948980,"maxcombo":1015,"rank":"S","count300":833,"count100":10,"count50":0,"countgeki":120,"countmiss":0,"countkatu":8,"enabled_mods":[],"date":"2015-10-03 02:41:52","score_id":4809,"enabled_mods_val":"0"},{"user_id":18983,"beatmap_id":335628,"beatmapset_id":133693,"score":180666325,"maxcombo":2776,"rank":"S","count300":2037,"count100":31,"count50":3,"countgeki":231,"countmiss":0,"countkatu":24,"enabled_mods":[{"name":"Hard Rock","shortName":"HR"}],"date":"2015-03-23 04:12:39","score_id":4810,"enabled_mods_val":"16"},{"user_id":18983,"beatmap_id":583343,"beatmapset_id":254309,"score":94257437,"maxcombo":2397,"rank":"S","count300":1554,"count100":18,"count50":0,"countgeki":326,"countmiss":0,"countkatu":16,"enabled_mods":[{"name":"Hard Rock","shortName":"HR"}],"date":"2015-10-01 03:12:50","score_id":4811,"enabled_mods_val":"16"},{"user_id":18983,"beatmap_id":147327,"beatmapset_id":46218,"score":9677763,"maxcombo":746,"rank":"S","count300":472,"count100":23,"count50":0,"countgeki":59,"countmiss":0,"countkatu":12,"enabled_mods":[{"name":"Double Time","shortName":"DT"}],"date":"2014-10-16 06:49:44","score_id":4812,"enabled_mods_val":"64"},{"user_id":18983,"beatmap_id":747855,"beatmapset_id":323044,"score":46719270,"maxcombo":1522,"rank":"S","count300":1080,"count100":56,"count50":1,"countgeki":173,"countmiss":0,"countkatu":35,"enabled_mods":[{"name":"Double Time","shortName":"DT"}],"date":"2015-09-14 04:03:26","score_id":4813,"enabled_mods_val":"64"},{"user_id":18983,"beatmap_id":667021,"beatmapset_id":297110,"score":455840257,"maxcombo":5085,"rank":"S","count300":3489,"count100":61,"count50":0,"countgeki":566,"countmiss":0,"countkatu":38,"enabled_mods":[{"name":"Hard Rock","shortName":"HR"}],"date":"2015-08-04 08:56:48","score_id":4814,"enabled_mods_val":"16"},{"user_id":18983,"beatmap_id":687303,"beatmapset_id":307163,"score":128880426,"maxcombo":2257,"rank":"A","count300":1910,"count100":12,"count50":0,"countgeki":240,"countmiss":2,"countkatu":10,"enabled_mods":[{"name":"Hard Rock","shortName":"HR"}],"date":"2015-10-01 03:21:15","score_id":4815,"enabled_mods_val":"16"},{"user_id":18983,"beatmap_id":817929,"beatmapset_id":297969,"score":54931610,"maxcombo":1574,"rank":"S","count300":1160,"count100":13,"count50":0,"countgeki":351,"countmiss":0,"countkatu":10,"enabled_mods":[],"date":"2016-01-02 02:13:04","score_id":4816,"enabled_mods_val":"0"},{"user_id":18983,"beatmap_id":386728,"beatmapset_id":153776,"score":74899738,"maxcombo":1738,"rank":"S","count300":1351,"count100":14,"count50":0,"countgeki":206,"countmiss":0,"countkatu":13,"enabled_mods":[{"name":"Hard Rock","shortName":"HR"}],"date":"2015-02-25 00:26:58","score_id":4817,"enabled_mods_val":"16"},{"user_id":18983,"beatmap_id":827803,"beatmapset_id":378183,"score":69454234,"maxcombo":1737,"rank":"S","count300":1189,"count100":34,"count50":0,"countgeki":299,"countmiss":0,"countkatu":20,"enabled_mods":[{"name":"Hard Rock","shortName":"HR"}],"date":"2016-02-02 07:31:52","score_id":4818,"enabled_mods_val":"16"},{"user_id":18983,"beatmap_id":425761,"beatmapset_id":176832,"score":25431593,"maxcombo":1143,"rank":"S","count300":847,"count100":5,"count50":0,"countgeki":147,"countmiss":0,"countkatu":4,"enabled_mods":[{"name":"Hard Rock","shortName":"HR"}],"date":"2015-09-14 02:39:29","score_id":4819,"enabled_mods_val":"16"},{"user_id":18983,"beatmap_id":740044,"beatmapset_id":334469,"score":47771253,"maxcombo":1364,"rank":"S","count300":1096,"count100":10,"count50":0,"countgeki":168,"countmiss":0,"countkatu":8,"enabled_mods":[{"name":"Hard Rock","shortName":"HR"}],"date":"2015-09-10 06:37:17","score_id":4820,"enabled_mods_val":"16"},{"user_id":18983,"beatmap_id":747082,"beatmapset_id":337700,"score":5028230,"maxcombo":426,"rank":"S","count300":338,"count100":5,"count50":0,"countgeki":51,"countmiss":0,"countkatu":4,"enabled_mods":[{"name":"Double Time","shortName":"DT"}],"date":"2015-09-14 03:33:01","score_id":4821,"enabled_mods_val":"64"},{"user_id":559998,"beatmap_id":659648,"beatmapset_id":263765,"score":8692436,"maxcombo":593,"rank":"S","count300":405,"count100":14,"count50":0,"countgeki":80,"countmiss":0,"countkatu":12,"enabled_mods":[{"name":"Double Time","shortName":"DT"}],"date":"2015-07-17 17:58:19","score_id":4822,"enabled_mods_val":"64"},{"user_id":559998,"beatmap_id":848994,"beatmapset_id":389343,"score":10873473,"maxcombo":670,"rank":"S","count300":460,"count100":31,"count50":4,"countgeki":81,"countmiss":0,"countkatu":18,"enabled_mods":[{"name":"Double Time","shortName":"DT"}],"date":"2016-01-17 21:56:52","score_id":4823,"enabled_mods_val":"64"},{"user_id":559998,"beatmap_id":698218,"beatmapset_id":312042,"score":7597451,"maxcombo":547,"rank":"S","count300":389,"count100":10,"count50":0,"countgeki":66,"countmiss":0,"countkatu":9,"enabled_mods":[{"name":"Double Time","shortName":"DT"}],"date":"2015-07-02 16:25:12","score_id":4824,"enabled_mods_val":"64"},{"user_id":559998,"beatmap_id":690778,"beatmapset_id":308912,"score":6764650,"maxcombo":534,"rank":"S","count300":359,"count100":3,"count50":0,"countgeki":67,"countmiss":0,"countkatu":3,"enabled_mods":[{"name":"Double Time","shortName":"DT"}],"date":"2015-07-25 18:58:15","score_id":4825,"enabled_mods_val":"64"},{"user_id":559998,"beatmap_id":527712,"beatmapset_id":226289,"score":4061226,"maxcombo":461,"rank":"S","count300":319,"count100":17,"count50":0,"countgeki":77,"countmiss":0,"countkatu":13,"enabled_mods":[{"name":"Double Time","shortName":"DT"}],"date":"2015-04-04 16:28:08","score_id":4826,"enabled_mods_val":"64"},{"user_id":559998,"beatmap_id":696225,"beatmapset_id":306591,"score":19628159,"maxcombo":892,"rank":"A","count300":645,"count100":32,"count50":2,"countgeki":141,"countmiss":4,"countkatu":28,"enabled_mods":[{"name":"Double Time","shortName":"DT"}],"date":"2015-07-10 22:18:56","score_id":4827,"enabled_mods_val":"64"},{"user_id":559998,"beatmap_id":539394,"beatmapset_id":232290,"score":4495537,"maxcombo":433,"rank":"A","count300":321,"count100":14,"count50":0,"countgeki":62,"countmiss":3,"countkatu":12,"enabled_mods":[{"name":"Double Time","shortName":"DT"}],"date":"2015-06-29 18:52:46","score_id":4828,"enabled_mods_val":"64"},{"user_id":559998,"beatmap_id":677751,"beatmapset_id":302343,"score":6965784,"maxcombo":518,"rank":"A","count300":408,"count100":5,"count50":0,"countgeki":71,"countmiss":1,"countkatu":5,"enabled_mods":[{"name":"Double Time","shortName":"DT"}],"date":"2015-07-01 20:35:05","score_id":4829,"enabled_mods_val":"64"},{"user_id":559998,"beatmap_id":742717,"beatmapset_id":335534,"score":6285319,"maxcombo":557,"rank":"S","count300":401,"count100":10,"count50":0,"countgeki":67,"countmiss":0,"countkatu":9,"enabled_mods":[{"name":"Double Time","shortName":"DT"}],"date":"2015-09-01 20:56:45","score_id":4830,"enabled_mods_val":"64"},{"user_id":559998,"beatmap_id":638551,"beatmapset_id":282375,"score":53314626,"maxcombo":1465,"rank":"A","count300":1124,"count100":55,"count50":4,"countgeki":177,"countmiss":4,"countkatu":36,"enabled_mods":[{"name":"Double Time","shortName":"DT"}],"date":"2015-07-02 23:23:05","score_id":4831,"enabled_mods_val":"64"},{"user_id":559998,"beatmap_id":221950,"beatmapset_id":79116,"score":5851043,"maxcombo":535,"rank":"S","count300":392,"count100":6,"count50":0,"countgeki":85,"countmiss":0,"countkatu":6,"enabled_mods":[{"name":"Double Time","shortName":"DT"}],"date":"2015-03-31 18:15:20","score_id":4832,"enabled_mods_val":"64"},{"user_id":559998,"beatmap_id":738585,"beatmapset_id":329969,"score":6047156,"maxcombo":501,"rank":"S","count300":387,"count100":6,"count50":0,"countgeki":72,"countmiss":0,"countkatu":5,"enabled_mods":[{"name":"Double Time","shortName":"DT"}],"date":"2015-08-19 23:52:52","score_id":4833,"enabled_mods_val":"64"},{"user_id":559998,"beatmap_id":695580,"beatmapset_id":302343,"score":7272323,"maxcombo":542,"rank":"S","count300":388,"count100":4,"count50":0,"countgeki":79,"countmiss":0,"countkatu":4,"enabled_mods":[{"name":"Double Time","shortName":"DT"}],"date":"2015-06-30 17:38:45","score_id":4834,"enabled_mods_val":"64"},{"user_id":559998,"beatmap_id":741572,"beatmapset_id":329473,"score":7240345,"maxcombo":539,"rank":"A","count300":457,"count100":15,"count50":0,"countgeki":90,"countmiss":3,"countkatu":11,"enabled_mods":[{"name":"Double Time","shortName":"DT"}],"date":"2015-07-27 17:57:30","score_id":4835,"enabled_mods_val":"64"},{"user_id":559998,"beatmap_id":638493,"beatmapset_id":282345,"score":6154042,"maxcombo":535,"rank":"S","count300":400,"count100":19,"count50":2,"countgeki":53,"countmiss":0,"countkatu":14,"enabled_mods":[{"name":"Double Time","shortName":"DT"}],"date":"2015-07-05 21:44:31","score_id":4836,"enabled_mods_val":"64"},{"user_id":559998,"beatmap_id":297411,"beatmapset_id":114987,"score":12621332,"maxcombo":806,"rank":"S","count300":572,"count100":6,"count50":1,"countgeki":107,"countmiss":0,"countkatu":5,"enabled_mods":[{"name":"Double Time","shortName":"DT"}],"date":"2015-09-01 17:37:37","score_id":4837,"enabled_mods_val":"64"},{"user_id":559998,"beatmap_id":678031,"beatmapset_id":302183,"score":4843885,"maxcombo":492,"rank":"S","count300":358,"count100":4,"count50":0,"countgeki":74,"countmiss":0,"countkatu":4,"enabled_mods":[{"name":"Double Time","shortName":"DT"}],"date":"2015-05-05 19:28:19","score_id":4838,"enabled_mods_val":"64"},{"user_id":559998,"beatmap_id":296435,"beatmapset_id":114490,"score":27002899,"maxcombo":1137,"rank":"S","count300":876,"count100":6,"count50":0,"countgeki":213,"countmiss":0,"countkatu":6,"enabled_mods":[{"name":"Double Time","shortName":"DT"}],"date":"2015-05-09 01:22:54","score_id":4839,"enabled_mods_val":"64"},{"user_id":559998,"beatmap_id":665200,"beatmapset_id":295288,"score":5977151,"maxcombo":492,"rank":"A","count300":361,"count100":8,"count50":1,"countgeki":67,"countmiss":2,"countkatu":6,"enabled_mods":[{"name":"Double Time","shortName":"DT"}],"date":"2015-06-23 16:44:18","score_id":4840,"enabled_mods_val":"64"},{"user_id":559998,"beatmap_id":851811,"beatmapset_id":386117,"score":5366264,"maxcombo":458,"rank":"S","count300":318,"count100":24,"count50":0,"countgeki":77,"countmiss":0,"countkatu":18,"enabled_mods":[{"name":"Double Time","shortName":"DT"}],"date":"2016-01-06 23:11:38","score_id":4841,"enabled_mods_val":"64"},{"user_id":1093361,"beatmap_id":651744,"beatmapset_id":289074,"score":54825309,"maxcombo":1700,"rank":"S","count300":1177,"count100":8,"count50":0,"countgeki":212,"countmiss":0,"countkatu":7,"enabled_mods":[{"name":"Double Time","shortName":"DT"}],"date":"2015-08-16 09:51:11","score_id":4842,"enabled_mods_val":"64"},{"user_id":1093361,"beatmap_id":812590,"beatmapset_id":370819,"score":18994529,"maxcombo":857,"rank":"S","count300":624,"count100":13,"count50":0,"countgeki":106,"countmiss":0,"countkatu":9,"enabled_mods":[{"name":"Double Time","shortName":"DT"}],"date":"2015-12-15 08:50:38","score_id":4843,"enabled_mods_val":"64"},{"user_id":1093361,"beatmap_id":785099,"beatmapset_id":356823,"score":43124424,"maxcombo":1314,"rank":"S","count300":959,"count100":7,"count50":0,"countgeki":184,"countmiss":0,"countkatu":7,"enabled_mods":[{"name":"Double Time","shortName":"DT"}],"date":"2016-01-26 04:19:59","score_id":4844,"enabled_mods_val":"64"},{"user_id":1093361,"beatmap_id":747855,"beatmapset_id":323044,"score":47980803,"maxcombo":1523,"rank":"S","count300":1121,"count100":16,"count50":0,"countgeki":196,"countmiss":0,"countkatu":13,"enabled_mods":[{"name":"Double Time","shortName":"DT"}],"date":"2015-12-04 09:51:44","score_id":4845,"enabled_mods_val":"64"},{"user_id":1093361,"beatmap_id":772476,"beatmapset_id":350381,"score":20589191,"maxcombo":871,"rank":"S","count300":672,"count100":13,"count50":0,"countgeki":101,"countmiss":0,"countkatu":11,"enabled_mods":[{"name":"Double Time","shortName":"DT"}],"date":"2016-01-11 03:23:28","score_id":4846,"enabled_mods_val":"64"},{"user_id":1093361,"beatmap_id":808848,"beatmapset_id":368985,"score":6500596,"maxcombo":527,"rank":"S","count300":335,"count100":10,"count50":0,"countgeki":78,"countmiss":0,"countkatu":8,"enabled_mods":[{"name":"Double Time","shortName":"DT"}],"date":"2015-11-19 21:54:06","score_id":4847,"enabled_mods_val":"64"},{"user_id":1093361,"beatmap_id":638493,"beatmapset_id":282345,"score":6195609,"maxcombo":537,"rank":"S","count300":406,"count100":15,"count50":0,"countgeki":59,"countmiss":0,"countkatu":9,"enabled_mods":[{"name":"Double Time","shortName":"DT"}],"date":"2015-11-02 06:29:24","score_id":4848,"enabled_mods_val":"64"},{"user_id":1093361,"beatmap_id":780914,"beatmapset_id":354537,"score":4574985,"maxcombo":406,"rank":"A","count300":328,"count100":10,"count50":0,"countgeki":48,"countmiss":1,"countkatu":4,"enabled_mods":[{"name":"Double Time","shortName":"DT"}],"date":"2016-01-20 03:08:23","score_id":4849,"enabled_mods_val":"64"},{"user_id":1093361,"beatmap_id":574471,"beatmapset_id":249939,"score":26962966,"maxcombo":1184,"rank":"S","count300":840,"count100":7,"count50":0,"countgeki":185,"countmiss":0,"countkatu":6,"enabled_mods":[{"name":"Double Time","shortName":"DT"}],"date":"2015-08-06 10:47:18","score_id":4850,"enabled_mods_val":"64"},{"user_id":1093361,"beatmap_id":767203,"beatmapset_id":347719,"score":162651768,"maxcombo":2514,"rank":"S","count300":1984,"count100":51,"count50":0,"countgeki":293,"countmiss":0,"countkatu":38,"enabled_mods":[{"name":"Hard Rock","shortName":"HR"}],"date":"2016-01-27 23:07:52","score_id":4851,"enabled_mods_val":"16"},{"user_id":1093361,"beatmap_id":149388,"beatmapset_id":48284,"score":49949663,"maxcombo":1449,"rank":"S","count300":1004,"count100":21,"count50":0,"countgeki":158,"countmiss":0,"countkatu":12,"enabled_mods":[{"name":"Double Time","shortName":"DT"}],"date":"2015-11-17 06:19:37","score_id":4852,"enabled_mods_val":"64"},{"user_id":1093361,"beatmap_id":161787,"beatmapset_id":52203,"score":5297759,"maxcombo":505,"rank":"A","count300":365,"count100":51,"count50":3,"countgeki":50,"countmiss":0,"countkatu":16,"enabled_mods":[{"name":"Double Time","shortName":"DT"}],"date":"2014-05-26 06:55:59","score_id":4853,"enabled_mods_val":"64"},{"user_id":1093361,"beatmap_id":726289,"beatmapset_id":327224,"score":49333287,"maxcombo":1476,"rank":"S","count300":1019,"count100":8,"count50":0,"countgeki":177,"countmiss":0,"countkatu":8,"enabled_mods":[{"name":"Double Time","shortName":"DT"}],"date":"2015-12-04 05:35:42","score_id":4854,"enabled_mods_val":"64"},{"user_id":1093361,"beatmap_id":678031,"beatmapset_id":302183,"score":4846594,"maxcombo":492,"rank":"S","count300":359,"count100":3,"count50":0,"countgeki":75,"countmiss":0,"countkatu":3,"enabled_mods":[{"name":"Double Time","shortName":"DT"}],"date":"2015-08-25 08:51:09","score_id":4855,"enabled_mods_val":"64"},{"user_id":1093361,"beatmap_id":809469,"beatmapset_id":369354,"score":92894859,"maxcombo":2036,"rank":"S","count300":1481,"count100":20,"count50":0,"countgeki":237,"countmiss":0,"countkatu":9,"enabled_mods":[{"name":"Hard Rock","shortName":"HR"}],"date":"2016-02-19 05:44:17","score_id":4856,"enabled_mods_val":"16"},{"user_id":1093361,"beatmap_id":827803,"beatmapset_id":378183,"score":70276184,"maxcombo":1738,"rank":"S","count300":1206,"count100":17,"count50":0,"countgeki":306,"countmiss":0,"countkatu":13,"enabled_mods":[{"name":"Hard Rock","shortName":"HR"}],"date":"2015-12-27 06:02:14","score_id":4857,"enabled_mods_val":"16"},{"user_id":1093361,"beatmap_id":646530,"beatmapset_id":286383,"score":36217367,"maxcombo":1260,"rank":"S","count300":841,"count100":12,"count50":0,"countgeki":175,"countmiss":0,"countkatu":6,"enabled_mods":[{"name":"Double Time","shortName":"DT"}],"date":"2015-08-14 11:10:00","score_id":4858,"enabled_mods_val":"64"},{"user_id":1093361,"beatmap_id":790048,"beatmapset_id":219380,"score":24952828,"maxcombo":956,"rank":"A","count300":1039,"count100":18,"count50":0,"countgeki":315,"countmiss":1,"countkatu":14,"enabled_mods":[{"name":"Hard Rock","shortName":"HR"}],"date":"2016-02-10 10:26:39","score_id":4859,"enabled_mods_val":"16"},{"user_id":1093361,"beatmap_id":516322,"beatmapset_id":220636,"score":33734954,"maxcombo":1174,"rank":"S","count300":848,"count100":14,"count50":0,"countgeki":142,"countmiss":0,"countkatu":8,"enabled_mods":[{"name":"Double Time","shortName":"DT"}],"date":"2015-08-14 10:15:03","score_id":4860,"enabled_mods_val":"64"},{"user_id":1093361,"beatmap_id":290581,"beatmapset_id":111760,"score":14108990,"maxcombo":816,"rank":"S","count300":626,"count100":1,"count50":0,"countgeki":136,"countmiss":0,"countkatu":1,"enabled_mods":[{"name":"Double Time","shortName":"DT"}],"date":"2015-12-16 08:21:56","score_id":4861,"enabled_mods_val":"64"},{"user_id":477704,"beatmap_id":550235,"beatmapset_id":237768,"score":120575990,"maxcombo":2275,"rank":"S","count300":1750,"count100":8,"count50":0,"countgeki":232,"countmiss":0,"countkatu":8,"enabled_mods":[],"date":"2015-04-04 23:52:05","score_id":4862,"enabled_mods_val":"0"},{"user_id":477704,"beatmap_id":335628,"beatmapset_id":133693,"score":170958810,"maxcombo":2777,"rank":"S","count300":2049,"count100":22,"count50":0,"countgeki":236,"countmiss":0,"countkatu":21,"enabled_mods":[],"date":"2014-08-02 14:06:03","score_id":4863,"enabled_mods_val":"0"},{"user_id":477704,"beatmap_id":519080,"beatmapset_id":221954,"score":9763208,"maxcombo":573,"rank":"S","count300":490,"count100":5,"count50":0,"countgeki":135,"countmiss":0,"countkatu":5,"enabled_mods":[{"name":"Double Time","shortName":"DT"}],"date":"2015-02-15 17:28:17","score_id":4864,"enabled_mods_val":"64"},{"user_id":477704,"beatmap_id":341891,"beatmapset_id":136632,"score":18815099,"maxcombo":895,"rank":"S","count300":633,"count100":9,"count50":0,"countgeki":105,"countmiss":0,"countkatu":8,"enabled_mods":[{"name":"Hard Rock","shortName":"HR"}],"date":"2014-10-04 01:05:38","score_id":4865,"enabled_mods_val":"16"},{"user_id":477704,"beatmap_id":240488,"beatmapset_id":88180,"score":55802490,"maxcombo":1627,"rank":"S","count300":1141,"count100":3,"count50":0,"countgeki":190,"countmiss":0,"countkatu":3,"enabled_mods":[],"date":"2015-04-05 19:28:51","score_id":4866,"enabled_mods_val":"0"},{"user_id":477704,"beatmap_id":61926,"beatmapset_id":16768,"score":6013903,"maxcombo":470,"rank":"S","count300":365,"count100":7,"count50":0,"countgeki":55,"countmiss":0,"countkatu":5,"enabled_mods":[{"name":"Double Time","shortName":"DT"}],"date":"2015-02-15 17:45:00","score_id":4867,"enabled_mods_val":"64"},{"user_id":477704,"beatmap_id":323769,"beatmapset_id":127712,"score":9420650,"maxcombo":645,"rank":"S","count300":537,"count100":3,"count50":0,"countgeki":99,"countmiss":0,"countkatu":2,"enabled_mods":[{"name":"Double Time","shortName":"DT"}],"date":"2014-10-04 01:56:19","score_id":4868,"enabled_mods_val":"64"},{"user_id":477704,"beatmap_id":215888,"beatmapset_id":76709,"score":8316389,"maxcombo":641,"rank":"S","count300":496,"count100":9,"count50":0,"countgeki":87,"countmiss":0,"countkatu":7,"enabled_mods":[{"name":"Hard Rock","shortName":"HR"}],"date":"2014-10-04 19:25:34","score_id":4869,"enabled_mods_val":"16"},{"user_id":477704,"beatmap_id":92004,"beatmapset_id":27428,"score":7638463,"maxcombo":530,"rank":"S","count300":404,"count100":6,"count50":1,"countgeki":54,"countmiss":0,"countkatu":5,"enabled_mods":[{"name":"Double Time","shortName":"DT"}],"date":"2015-02-15 17:34:27","score_id":4870,"enabled_mods_val":"64"},{"user_id":477704,"beatmap_id":44644,"beatmapset_id":11680,"score":14443301,"maxcombo":711,"rank":"S","count300":593,"count100":13,"count50":0,"countgeki":100,"countmiss":0,"countkatu":10,"enabled_mods":[{"name":"Nightcore","shortName":"NC"}],"date":"2014-09-13 23:42:32","score_id":4871,"enabled_mods_val":"576"},{"user_id":477704,"beatmap_id":103102,"beatmapset_id":31367,"score":12628836,"maxcombo":733,"rank":"S","count300":513,"count100":4,"count50":0,"countgeki":120,"countmiss":0,"countkatu":4,"enabled_mods":[{"name":"Hard Rock","shortName":"HR"}],"date":"2014-10-04 01:28:03","score_id":4872,"enabled_mods_val":"16"},{"user_id":477704,"beatmap_id":110835,"beatmapset_id":18428,"score":19005037,"maxcombo":975,"rank":"S","count300":729,"count100":13,"count50":0,"countgeki":105,"countmiss":0,"countkatu":12,"enabled_mods":[{"name":"Double Time","shortName":"DT"}],"date":"2013-12-15 17:42:04","score_id":4873,"enabled_mods_val":"64"},{"user_id":477704,"beatmap_id":142954,"beatmapset_id":27104,"score":22478312,"maxcombo":1177,"rank":"A","count300":878,"count100":0,"count50":0,"countgeki":181,"countmiss":1,"countkatu":0,"enabled_mods":[],"date":"2014-08-16 00:50:56","score_id":4874,"enabled_mods_val":"0"},{"user_id":477704,"beatmap_id":288660,"beatmapset_id":110870,"score":24070017,"maxcombo":1084,"rank":"S","count300":683,"count100":11,"count50":0,"countgeki":147,"countmiss":0,"countkatu":8,"enabled_mods":[{"name":"Hard Rock","shortName":"HR"}],"date":"2014-09-07 23:23:10","score_id":4875,"enabled_mods_val":"16"},{"user_id":477704,"beatmap_id":391228,"beatmapset_id":160145,"score":35358934,"maxcombo":1265,"rank":"S","count300":848,"count100":22,"count50":0,"countgeki":150,"countmiss":0,"countkatu":16,"enabled_mods":[{"name":"Hard Rock","shortName":"HR"}],"date":"2014-10-04 19:12:52","score_id":4876,"enabled_mods_val":"16"},{"user_id":477704,"beatmap_id":146372,"beatmapset_id":46936,"score":11261437,"maxcombo":741,"rank":"S","count300":559,"count100":43,"count50":0,"countgeki":79,"countmiss":0,"countkatu":18,"enabled_mods":[{"name":"Double Time","shortName":"DT"}],"date":"2014-08-20 16:44:27","score_id":4877,"enabled_mods_val":"64"},{"user_id":477704,"beatmap_id":417298,"beatmapset_id":172013,"score":3012997,"maxcombo":397,"rank":"S","count300":267,"count100":3,"count50":0,"countgeki":59,"countmiss":0,"countkatu":2,"enabled_mods":[{"name":"Double Time","shortName":"DT"}],"date":"2015-06-08 00:21:58","score_id":4878,"enabled_mods_val":"64"},{"user_id":477704,"beatmap_id":158107,"beatmapset_id":51605,"score":21295911,"maxcombo":1087,"rank":"S","count300":761,"count100":17,"count50":1,"countgeki":113,"countmiss":0,"countkatu":8,"enabled_mods":[{"name":"Double Time","shortName":"DT"}],"date":"2014-09-08 00:41:53","score_id":4879,"enabled_mods_val":"64"},{"user_id":477704,"beatmap_id":438061,"beatmapset_id":172450,"score":25946312,"maxcombo":1102,"rank":"S","count300":856,"count100":2,"count50":1,"countgeki":151,"countmiss":0,"countkatu":1,"enabled_mods":[{"name":"Double Time","shortName":"DT"}],"date":"2014-09-08 00:24:59","score_id":4880,"enabled_mods_val":"64"},{"user_id":477704,"beatmap_id":221950,"beatmapset_id":79116,"score":5564528,"maxcombo":535,"rank":"S","count300":395,"count100":3,"count50":0,"countgeki":88,"countmiss":0,"countkatu":3,"enabled_mods":[{"name":"Hard Rock","shortName":"HR"}],"date":"2014-10-03 23:06:59","score_id":4881,"enabled_mods_val":"16"},{"user_id":3976494,"beatmap_id":827803,"beatmapset_id":378183,"score":66095470,"maxcombo":1737,"rank":"S","count300":1196,"count100":27,"count50":0,"countgeki":296,"countmiss":0,"countkatu":23,"enabled_mods":[],"date":"2015-12-29 07:20:52","score_id":4882,"enabled_mods_val":"0"},{"user_id":3976494,"beatmap_id":757823,"beatmapset_id":342896,"score":4181676,"maxcombo":465,"rank":"S","count300":323,"count100":7,"count50":0,"countgeki":56,"countmiss":0,"countkatu":6,"enabled_mods":[{"name":"Double Time","shortName":"DT"}],"date":"2016-02-10 00:46:00","score_id":4883,"enabled_mods_val":"64"},{"user_id":3976494,"beatmap_id":820737,"beatmapset_id":293832,"score":28662130,"maxcombo":1138,"rank":"S","count300":794,"count100":25,"count50":0,"countgeki":243,"countmiss":0,"countkatu":16,"enabled_mods":[],"date":"2016-01-27 09:33:31","score_id":4884,"enabled_mods_val":"0"},{"user_id":3976494,"beatmap_id":787430,"beatmapset_id":357466,"score":1696042,"maxcombo":258,"rank":"S","count300":177,"count100":5,"count50":0,"countgeki":37,"countmiss":0,"countkatu":4,"enabled_mods":[{"name":"Double Time","shortName":"DT"}],"date":"2015-12-16 06:34:29","score_id":4885,"enabled_mods_val":"64"},{"user_id":3976494,"beatmap_id":742975,"beatmapset_id":335665,"score":17160621,"maxcombo":928,"rank":"S","count300":570,"count100":27,"count50":0,"countgeki":114,"countmiss":0,"countkatu":22,"enabled_mods":[{"name":"Hard Rock","shortName":"HR"}],"date":"2015-12-30 02:22:28","score_id":4886,"enabled_mods_val":"16"},{"user_id":3976494,"beatmap_id":450766,"beatmapset_id":189216,"score":70994870,"maxcombo":2002,"rank":"S","count300":1255,"count100":18,"count50":1,"countgeki":319,"countmiss":0,"countkatu":12,"enabled_mods":[],"date":"2015-12-29 02:27:10","score_id":4887,"enabled_mods_val":"0"},{"user_id":3976494,"beatmap_id":781124,"beatmapset_id":352714,"score":4845034,"maxcombo":428,"rank":"SH","count300":304,"count100":6,"count50":0,"countgeki":58,"countmiss":0,"countkatu":4,"enabled_mods":[{"name":"Hidden","shortName":"HD"},{"name":"Double Time","shortName":"DT"}],"date":"2016-02-14 08:00:57","score_id":4888,"enabled_mods_val":"72"},{"user_id":3976494,"beatmap_id":766080,"beatmapset_id":347111,"score":7433860,"maxcombo":597,"rank":"S","count300":415,"count100":7,"count50":0,"countgeki":109,"countmiss":0,"countkatu":5,"enabled_mods":[],"date":"2016-02-06 23:02:00","score_id":4889,"enabled_mods_val":"0"},{"user_id":3976494,"beatmap_id":795810,"beatmapset_id":362321,"score":4906920,"maxcombo":469,"rank":"S","count300":334,"count100":13,"count50":3,"countgeki":72,"countmiss":0,"countkatu":5,"enabled_mods":[],"date":"2015-12-09 07:57:58","score_id":4890,"enabled_mods_val":"0"},{"user_id":3976494,"beatmap_id":735272,"beatmapset_id":325158,"score":5167360,"maxcombo":475,"rank":"A","count300":328,"count100":9,"count50":0,"countgeki":69,"countmiss":2,"countkatu":6,"enabled_mods":[{"name":"Hard Rock","shortName":"HR"}],"date":"2016-01-16 05:55:29","score_id":4891,"enabled_mods_val":"16"},{"user_id":3976494,"beatmap_id":169505,"beatmapset_id":55644,"score":2257770,"maxcombo":320,"rank":"SH","count300":230,"count100":3,"count50":0,"countgeki":48,"countmiss":0,"countkatu":1,"enabled_mods":[{"name":"Hidden","shortName":"HD"},{"name":"Double Time","shortName":"DT"}],"date":"2016-01-25 18:09:10","score_id":4892,"enabled_mods_val":"72"},{"user_id":3976494,"beatmap_id":713867,"beatmapset_id":320118,"score":5955670,"maxcombo":533,"rank":"S","count300":369,"count100":2,"count50":0,"countgeki":117,"countmiss":0,"countkatu":2,"enabled_mods":[],"date":"2015-12-23 07:53:50","score_id":4893,"enabled_mods_val":"0"},{"user_id":3976494,"beatmap_id":638551,"beatmapset_id":282375,"score":57262224,"maxcombo":1556,"rank":"S","count300":1124,"count100":63,"count50":0,"countgeki":175,"countmiss":0,"countkatu":42,"enabled_mods":[{"name":"Hard Rock","shortName":"HR"}],"date":"2015-12-10 23:35:03","score_id":4894,"enabled_mods_val":"16"},{"user_id":3976494,"beatmap_id":699471,"beatmapset_id":313330,"score":7157360,"maxcombo":562,"rank":"S","count300":411,"count100":1,"count50":0,"countgeki":86,"countmiss":0,"countkatu":1,"enabled_mods":[],"date":"2015-09-25 10:56:38","score_id":4895,"enabled_mods_val":"0"},{"user_id":3976494,"beatmap_id":341891,"beatmapset_id":136632,"score":17791887,"maxcombo":895,"rank":"S","count300":595,"count100":47,"count50":0,"countgeki":83,"countmiss":0,"countkatu":30,"enabled_mods":[{"name":"Hard Rock","shortName":"HR"}],"date":"2016-01-25 01:18:57","score_id":4896,"enabled_mods_val":"16"},{"user_id":3976494,"beatmap_id":334760,"beatmapset_id":133278,"score":31843710,"maxcombo":1350,"rank":"A","count300":1186,"count100":72,"count50":0,"countgeki":194,"countmiss":2,"countkatu":28,"enabled_mods":[],"date":"2015-12-29 03:21:08","score_id":4897,"enabled_mods_val":"0"},{"user_id":3976494,"beatmap_id":656385,"beatmapset_id":291517,"score":58149450,"maxcombo":1672,"rank":"S","count300":1115,"count100":69,"count50":0,"countgeki":177,"countmiss":0,"countkatu":35,"enabled_mods":[],"date":"2015-12-11 04:51:35","score_id":4898,"enabled_mods_val":"0"},{"user_id":3976494,"beatmap_id":816600,"beatmapset_id":372851,"score":6801050,"maxcombo":549,"rank":"S","count300":400,"count100":16,"count50":0,"countgeki":80,"countmiss":0,"countkatu":5,"enabled_mods":[],"date":"2015-12-27 08:29:05","score_id":4899,"enabled_mods_val":"0"},{"user_id":3976494,"beatmap_id":696225,"beatmapset_id":306591,"score":19814967,"maxcombo":936,"rank":"A","count300":612,"count100":71,"count50":0,"countgeki":124,"countmiss":0,"countkatu":48,"enabled_mods":[{"name":"Hard Rock","shortName":"HR"}],"date":"2016-02-18 07:41:53","score_id":4900,"enabled_mods_val":"16"},{"user_id":3976494,"beatmap_id":659648,"beatmapset_id":263765,"score":8181683,"maxcombo":594,"rank":"S","count300":399,"count100":20,"count50":0,"countgeki":76,"countmiss":0,"countkatu":16,"enabled_mods":[{"name":"Hard Rock","shortName":"HR"}],"date":"2016-01-01 18:45:16","score_id":4901,"enabled_mods_val":"16"},{"user_id":6331918,"beatmap_id":298880,"beatmapset_id":115729,"score":9500308,"maxcombo":719,"rank":"S","count300":471,"count100":38,"count50":0,"countgeki":67,"countmiss":0,"countkatu":20,"enabled_mods":[{"name":"Nightcore","shortName":"NC"}],"date":"2016-02-10 22:37:28","score_id":4902,"enabled_mods_val":"576"},{"user_id":6331918,"beatmap_id":525399,"beatmapset_id":225116,"score":4497864,"maxcombo":407,"rank":"A","count300":355,"count100":12,"count50":0,"countgeki":45,"countmiss":1,"countkatu":12,"enabled_mods":[{"name":"Double Time","shortName":"DT"}],"date":"2016-02-11 00:13:01","score_id":4903,"enabled_mods_val":"64"},{"user_id":6331918,"beatmap_id":131006,"beatmapset_id":41482,"score":5777810,"maxcombo":528,"rank":"S","count300":405,"count100":2,"count50":0,"countgeki":62,"countmiss":0,"countkatu":2,"enabled_mods":[{"name":"Nightcore","shortName":"NC"}],"date":"2016-01-01 03:34:11","score_id":4904,"enabled_mods_val":"576"},{"user_id":6331918,"beatmap_id":538286,"beatmapset_id":231691,"score":3377887,"maxcombo":393,"rank":"S","count300":314,"count100":3,"count50":0,"countgeki":49,"countmiss":0,"countkatu":3,"enabled_mods":[{"name":"Double Time","shortName":"DT"}],"date":"2016-02-07 21:47:21","score_id":4905,"enabled_mods_val":"64"},{"user_id":6331918,"beatmap_id":158914,"beatmapset_id":51790,"score":4690525,"maxcombo":487,"rank":"S","count300":344,"count100":8,"count50":0,"countgeki":45,"countmiss":0,"countkatu":8,"enabled_mods":[{"name":"Double Time","shortName":"DT"}],"date":"2016-02-12 00:15:32","score_id":4906,"enabled_mods_val":"64"},{"user_id":6331918,"beatmap_id":105950,"beatmapset_id":32375,"score":19473435,"maxcombo":901,"rank":"S","count300":630,"count100":8,"count50":2,"countgeki":112,"countmiss":0,"countkatu":8,"enabled_mods":[{"name":"Double Time","shortName":"DT"}],"date":"2016-01-25 08:04:32","score_id":4907,"enabled_mods_val":"64"},{"user_id":6331918,"beatmap_id":150837,"beatmapset_id":48842,"score":35816530,"maxcombo":1417,"rank":"S","count300":1026,"count100":3,"count50":0,"countgeki":170,"countmiss":0,"countkatu":3,"enabled_mods":[],"date":"2016-02-07 02:36:14","score_id":4908,"enabled_mods_val":"0"},{"user_id":6331918,"beatmap_id":36961,"beatmapset_id":9138,"score":5187714,"maxcombo":439,"rank":"S","count300":337,"count100":4,"count50":1,"countgeki":55,"countmiss":0,"countkatu":3,"enabled_mods":[{"name":"Nightcore","shortName":"NC"}],"date":"2016-02-07 22:48:28","score_id":4909,"enabled_mods_val":"576"},{"user_id":6331918,"beatmap_id":558277,"beatmapset_id":241769,"score":14663390,"maxcombo":827,"rank":"S","count300":656,"count100":7,"count50":0,"countgeki":109,"countmiss":0,"countkatu":7,"enabled_mods":[{"name":"Double Time","shortName":"DT"}],"date":"2016-01-25 07:51:50","score_id":4910,"enabled_mods_val":"64"},{"user_id":6331918,"beatmap_id":554627,"beatmapset_id":239922,"score":4703907,"maxcombo":504,"rank":"S","count300":341,"count100":10,"count50":0,"countgeki":62,"countmiss":0,"countkatu":8,"enabled_mods":[{"name":"Double Time","shortName":"DT"}],"date":"2016-02-10 02:30:26","score_id":4911,"enabled_mods_val":"64"},{"user_id":6331918,"beatmap_id":144620,"beatmapset_id":46459,"score":4839541,"maxcombo":499,"rank":"S","count300":339,"count100":2,"count50":0,"countgeki":67,"countmiss":0,"countkatu":2,"enabled_mods":[{"name":"Double Time","shortName":"DT"}],"date":"2016-02-10 02:45:09","score_id":4912,"enabled_mods_val":"64"},{"user_id":6331918,"beatmap_id":116128,"beatmapset_id":28751,"score":12870353,"maxcombo":850,"rank":"S","count300":557,"count100":50,"count50":2,"countgeki":54,"countmiss":0,"countkatu":11,"enabled_mods":[{"name":"Hard Rock","shortName":"HR"}],"date":"2016-02-11 21:08:25","score_id":4913,"enabled_mods_val":"16"},{"user_id":6331918,"beatmap_id":158107,"beatmapset_id":51605,"score":17980289,"maxcombo":956,"rank":"A","count300":758,"count100":20,"count50":0,"countgeki":108,"countmiss":1,"countkatu":13,"enabled_mods":[{"name":"Double Time","shortName":"DT"}],"date":"2016-02-09 23:17:35","score_id":4914,"enabled_mods_val":"64"},{"user_id":6331918,"beatmap_id":158621,"beatmapset_id":51802,"score":8898340,"maxcombo":650,"rank":"S","count300":494,"count100":8,"count50":0,"countgeki":105,"countmiss":0,"countkatu":7,"enabled_mods":[{"name":"Double Time","shortName":"DT"}],"date":"2016-01-25 07:57:07","score_id":4915,"enabled_mods_val":"64"},{"user_id":6331918,"beatmap_id":323769,"beatmapset_id":127712,"score":5866405,"maxcombo":470,"rank":"S","count300":532,"count100":8,"count50":0,"countgeki":93,"countmiss":0,"countkatu":8,"enabled_mods":[{"name":"Nightcore","shortName":"NC"}],"date":"2015-10-11 02:32:00","score_id":4916,"enabled_mods_val":"576"},{"user_id":6331918,"beatmap_id":109602,"beatmapset_id":33639,"score":4342294,"maxcombo":461,"rank":"S","count300":335,"count100":6,"count50":0,"countgeki":58,"countmiss":0,"countkatu":6,"enabled_mods":[{"name":"Double Time","shortName":"DT"}],"date":"2016-01-26 04:55:02","score_id":4917,"enabled_mods_val":"64"},{"user_id":6331918,"beatmap_id":456752,"beatmapset_id":184420,"score":3617567,"maxcombo":393,"rank":"S","count300":260,"count100":1,"count50":0,"countgeki":63,"countmiss":0,"countkatu":1,"enabled_mods":[{"name":"Double Time","shortName":"DT"}],"date":"2016-02-08 00:03:48","score_id":4918,"enabled_mods_val":"64"},{"user_id":6331918,"beatmap_id":543814,"beatmapset_id":234455,"score":27518511,"maxcombo":1079,"rank":"S","count300":739,"count100":30,"count50":0,"countgeki":111,"countmiss":0,"countkatu":21,"enabled_mods":[{"name":"Double Time","shortName":"DT"}],"date":"2016-02-09 22:32:54","score_id":4919,"enabled_mods_val":"64"},{"user_id":6331918,"beatmap_id":341891,"beatmapset_id":136632,"score":17821020,"maxcombo":893,"rank":"S","count300":640,"count100":2,"count50":0,"countgeki":111,"countmiss":0,"countkatu":2,"enabled_mods":[],"date":"2015-12-27 00:05:05","score_id":4920,"enabled_mods_val":"0"},{"user_id":6331918,"beatmap_id":595161,"beatmapset_id":259907,"score":3596221,"maxcombo":395,"rank":"S","count300":259,"count100":5,"count50":0,"countgeki":42,"countmiss":0,"countkatu":5,"enabled_mods":[{"name":"Double Time","shortName":"DT"}],"date":"2016-01-29 06:25:32","score_id":4921,"enabled_mods_val":"64"}]