[{"user_id":124493,"username":"Cookiezi","username_clean":"Cookiezi","user_rank":0,"user_colour":"","osu_playstyle":[],"is_admin":true},{"username":"Azer","username_clean":"Azer","user_id":2155578,"is_admin":false},{"username":"Doomsday","username_clean":"Doomsday","user_id":18983,"is_admin":false},{"username":"oxycodone","username_clean":"oxycodone","user_id":559998,"is_admin":false},{"username":"Kynan","username_clean":"Kynan","user_id":1093361,"is_admin":false},{"username":"I will be back","username_clean":"I will be back","user_id":477704,"is_admin":false},{"username":"Hot Korean Girl","username_clean":"Hot Korean Girl","user_id":3976494,"is_admin":false},{"username":"ifailedatlife","username_clean":"ifailedatlife","user_id":6331918,"is_admin":false}]